,room,label1,label1_P,label2,label2_P,label3,label3_P,label1_correct,label2_correct,label3_correct,image_path,filename,id,pred_from_3
2924,kitchen,kitchen,0.9997540116310121,empty,0.00013119615323375908,bathroom,0.00010402072803117336,True,False,False,./data/test_data/kitchen/2acb8976f8811ee82cc1c395d143eb66eb7895f9.jpg,2acb8976f8811ee82cc1c395d143eb66eb7895f9.jpg,2acb8976f8811ee82cc1c395d143eb66eb7895f9,kitchen
1020,bedroom,bedroom,0.9997369647026062,livingroom,7.360483868978919e-05,misc_int,7.189621828729287e-05,True,False,False,./data/test_data/bedroom/075dd8d8bd4351ee2eaa3185d7b3f5e186c362e7.jpg,075dd8d8bd4351ee2eaa3185d7b3f5e186c362e7.jpg,075dd8d8bd4351ee2eaa3185d7b3f5e186c362e7,bedroom
586,bathroom,bathroom,1.0,kitchen,8.623299407872763e-09,empty,1.9537644072031846e-11,True,False,False,./data/test_data/bathroom/29dde626f341c87b5793777d0f76552d5c710869.jpg,29dde626f341c87b5793777d0f76552d5c710869.jpg,29dde626f341c87b5793777d0f76552d5c710869,bathroom
2097,empty,empty,0.8548036813735962,entrance,0.11052611470222473,misc_int,0.012465129606425762,True,False,False,./data/test_data/empty/27d8dab6fcd2db7e15d2be6481a6e67fcf001839.jpg,27d8dab6fcd2db7e15d2be6481a6e67fcf001839.jpg,27d8dab6fcd2db7e15d2be6481a6e67fcf001839,empty
879,bedroom,bedroom,0.9746822714805604,livingroom,0.01001649722456932,empty,0.005775891710072757,True,False,False,./data/test_data/bedroom/067436123503aaa89a4115423bd5920711c7711f.jpg,067436123503aaa89a4115423bd5920711c7711f.jpg,067436123503aaa89a4115423bd5920711c7711f,bedroom
2195,entrance,entrance,0.7437247037887573,misc_int,0.2545876502990723,empty,0.0007950664730742574,True,False,False,./data/test_data/entrance/08689b709c00502a09c94ea15bbce8e17d69cd95.jpg,08689b709c00502a09c94ea15bbce8e17d69cd95.jpg,08689b709c00502a09c94ea15bbce8e17d69cd95,entrance
3537,livingroom,livingroom,0.9067202210426332,study,0.07589893788099289,misc_int,0.010207039304077624,True,False,False,./data/test_data/livingroom/20f212468fac6c80d1543ed7991bca2287bca159.jpg,20f212468fac6c80d1543ed7991bca2287bca159.jpg,20f212468fac6c80d1543ed7991bca2287bca159,livingroom
1913,empty,empty,0.999953031539917,bedroom,3.089678648393601e-05,kitchen,7.53894346416928e-06,True,False,False,./data/test_data/empty/06e22f7e62fe960df3382b2c26f6c703b5bb02b6.jpg,06e22f7e62fe960df3382b2c26f6c703b5bb02b6.jpg,06e22f7e62fe960df3382b2c26f6c703b5bb02b6,empty
