,room,label1,label1_P,label2,label2_P,label3,label3_P,label1_correct,label2_correct,label3_correct,image_path,filename,id,pred_from_3
2532,kitchen,diningroom,0.455641895532608,kitchen,0.3935967385768889,livingroom,0.07707034796476364,False,True,False,./data/test_data/kitchen/07131091049c5fae70a128caf4c80de4e4724b59.jpg,07131091049c5fae70a128caf4c80de4e4724b59.jpg,07131091049c5fae70a128caf4c80de4e4724b59,kitchen
2475,kitchen,diningroom,0.6792341470718384,kitchen,0.22902074456214905,livingroom,0.08594030141830444,False,True,False,./data/test_data/kitchen/0697a1f885d01e5f9298c52ca7c23a71817706e5.jpg,0697a1f885d01e5f9298c52ca7c23a71817706e5.jpg,0697a1f885d01e5f9298c52ca7c23a71817706e5,kitchen
3287,livingroom,bedroom,0.7612633705139159,livingroom,0.22483855485916135,empty,0.007965936325490475,False,True,False,./data/test_data/livingroom/07b876c1e1dea0483bc56bde57dc1d4b23919567.jpg,07b876c1e1dea0483bc56bde57dc1d4b23919567.jpg,07b876c1e1dea0483bc56bde57dc1d4b23919567,livingroom
3781,misc_int,entrance,0.6627129316329956,misc_int,0.3299482762813568,kitchen,0.003366705495864153,False,True,False,./data/test_data/misc_int/094484476ea983b032ac23cdf37e638fd9ff1144.jpg,094484476ea983b032ac23cdf37e638fd9ff1144.jpg,094484476ea983b032ac23cdf37e638fd9ff1144,misc_int
2974,livingroom,diningroom,0.3820872604846953,livingroom,0.36287012696266174,study,0.13659057021141052,False,True,False,./data/test_data/livingroom/04bdcd9cbc0f02073c96852cca9c944d9060a549.jpg,04bdcd9cbc0f02073c96852cca9c944d9060a549.jpg,04bdcd9cbc0f02073c96852cca9c944d9060a549,livingroom
3664,misc_int,livingroom,0.5063900947570801,misc_int,0.1521606743335724,entrance,0.13180571794509888,False,True,False,./data/test_data/misc_int/0677ec8e6c43c6886c985c517a02ee8a167501b8.jpg,0677ec8e6c43c6886c985c517a02ee8a167501b8.jpg,0677ec8e6c43c6886c985c517a02ee8a167501b8,misc_int
3773,misc_int,study,0.2617194652557373,misc_int,0.2311050146818161,kitchen,0.2303504049777985,False,True,False,./data/test_data/misc_int/090dcb8e077ebaa9427956cf1e012b3a567fa2e4.jpg,090dcb8e077ebaa9427956cf1e012b3a567fa2e4.jpg,090dcb8e077ebaa9427956cf1e012b3a567fa2e4,misc_int
1408,bedroom,livingroom,0.2879413962364197,empty,0.2186619341373444,bedroom,0.172273188829422,False,False,True,./data/test_data/bedroom/26e55ad518027f443b0e8e2ee77eb038d56c5db9.jpg,26e55ad518027f443b0e8e2ee77eb038d56c5db9.jpg,26e55ad518027f443b0e8e2ee77eb038d56c5db9,bedroom
