,room,label1,label1_P,label2,label2_P,label3,label3_P,label1_correct,label2_correct,label3_correct,image_path,filename,id
3643,misc_int,empty,0.447633683681488,kitchen,0.23140279948711395,diningroom,0.11235902458429337,False,False,False,./data/test_data/misc_int/0554254446304e74a339813b6af099e9d261ac8c.jpg,0554254446304e74a339813b6af099e9d261ac8c.jpg,0554254446304e74a339813b6af099e9d261ac8c
848,bedroom,bedroom,0.9999260902404784,livingroom,2.3080889150151048e-05,empty,1.7535887309350073e-05,True,False,False,./data/test_data/bedroom/06435cd78d25e882547bf96a7e17184e67af1ceb.jpg,06435cd78d25e882547bf96a7e17184e67af1ceb.jpg,06435cd78d25e882547bf96a7e17184e67af1ceb
2617,kitchen,kitchen,1.0,diningroom,1.7764392179486774e-09,livingroom,3.6908026634918656e-10,True,False,False,./data/test_data/kitchen/07aea0fcd12e6064e5e2a6baf7b9751a9c1985b7.jpg,07aea0fcd12e6064e5e2a6baf7b9751a9c1985b7.jpg,07aea0fcd12e6064e5e2a6baf7b9751a9c1985b7
1548,diningroom,diningroom,0.984975039958954,livingroom,0.010735961608588696,study,0.0013979538343846798,True,False,False,./data/test_data/diningroom/05e61db9da51ae25a386602b920b9a2b45c64d85.jpg,05e61db9da51ae25a386602b920b9a2b45c64d85.jpg,05e61db9da51ae25a386602b920b9a2b45c64d85
1170,bedroom,bedroom,0.9989093542099,misc_int,0.00046410795766860247,empty,0.0003070126986131072,True,False,False,./data/test_data/bedroom/08540873a61ad777c0b6a80e9486ac696a78c44a.jpg,08540873a61ad777c0b6a80e9486ac696a78c44a.jpg,08540873a61ad777c0b6a80e9486ac696a78c44a
1284,bedroom,bedroom,0.9901916980743408,empty,0.005344447679817677,livingroom,0.00236136419698596,True,False,False,./data/test_data/bedroom/091f34825629217bc4c7567adee937584e47660f.jpg,091f34825629217bc4c7567adee937584e47660f.jpg,091f34825629217bc4c7567adee937584e47660f
1064,bedroom,bedroom,0.9999624490737916,livingroom,2.9914390324847773e-05,misc_int,3.919878508895636e-06,True,False,False,./data/test_data/bedroom/07aed0807f09bdfe02edf78b7e4ab7323cdec587.jpg,07aed0807f09bdfe02edf78b7e4ab7323cdec587.jpg,07aed0807f09bdfe02edf78b7e4ab7323cdec587
350,bathroom,bathroom,0.9809899330139159,kitchen,0.011034163646399977,bedroom,0.005041975062340498,True,False,False,./data/test_data/bathroom/0814ad347b7722be604f505c8185a1ab37c4e1c0.jpg,0814ad347b7722be604f505c8185a1ab37c4e1c0.jpg,0814ad347b7722be604f505c8185a1ab37c4e1c0
