,room,label1,label1_P,label2,label2_P,label3,label3_P,label1_correct,label2_correct,label3_correct,image_path,filename,id,pred_from_3
1408,bedroom,livingroom,0.2879413962364197,empty,0.2186619341373444,bedroom,0.172273188829422,False,False,True,./data/test_data/bedroom/26e55ad518027f443b0e8e2ee77eb038d56c5db9.jpg,26e55ad518027f443b0e8e2ee77eb038d56c5db9.jpg,26e55ad518027f443b0e8e2ee77eb038d56c5db9,bedroom
3614,livingroom,bedroom,0.4763056933879852,livingroom,0.3036882877349853,empty,0.14048601686954498,False,True,False,./data/test_data/livingroom/29f297f8cfde84254bfe3dbaaa4694535d3d2319.jpg,29f297f8cfde84254bfe3dbaaa4694535d3d2319.jpg,29f297f8cfde84254bfe3dbaaa4694535d3d2319,livingroom
3597,livingroom,bedroom,0.5948752760887146,livingroom,0.39117780327796936,diningroom,0.010807952843606472,False,True,False,./data/test_data/livingroom/27d80aec97a4bce21f0fc5b2806f0c327abc8569.jpg,27d80aec97a4bce21f0fc5b2806f0c327abc8569.jpg,27d80aec97a4bce21f0fc5b2806f0c327abc8569,livingroom
2178,entrance,misc_int,0.6168107986450195,entrance,0.3461538255214691,empty,0.023877032101154327,False,True,False,./data/test_data/entrance/07ccb5aeaf59dac0da4109e94b0f3aea6ea233c2.jpg,07ccb5aeaf59dac0da4109e94b0f3aea6ea233c2.jpg,07ccb5aeaf59dac0da4109e94b0f3aea6ea233c2,entrance
2475,kitchen,diningroom,0.6792341470718384,kitchen,0.22902074456214905,livingroom,0.08594030141830444,False,True,False,./data/test_data/kitchen/0697a1f885d01e5f9298c52ca7c23a71817706e5.jpg,0697a1f885d01e5f9298c52ca7c23a71817706e5.jpg,0697a1f885d01e5f9298c52ca7c23a71817706e5,kitchen
1668,diningroom,kitchen,0.8052163124084473,diningroom,0.11852485686540605,study,0.033589936792850494,False,True,False,./data/test_data/diningroom/0876706b250a1b7b74cd28963578eb396e7ff294.jpg,0876706b250a1b7b74cd28963578eb396e7ff294.jpg,0876706b250a1b7b74cd28963578eb396e7ff294,diningroom
2154,entrance,misc_int,0.6927204728126526,entrance,0.2425924837589264,bedroom,0.0236714668571949,False,True,False,./data/test_data/entrance/069196a8b72373a818035f6f59df82e13b19c95d.jpg,069196a8b72373a818035f6f59df82e13b19c95d.jpg,069196a8b72373a818035f6f59df82e13b19c95d,entrance
3277,livingroom,diningroom,0.8181820511817932,livingroom,0.15403643250465393,bedroom,0.007960833609104156,False,True,False,./data/test_data/livingroom/07a597f09abd21bca1fd397521ce8f192b14a2b1.jpg,07a597f09abd21bca1fd397521ce8f192b14a2b1.jpg,07a597f09abd21bca1fd397521ce8f192b14a2b1,livingroom
