,room,label1,label1_P,label2,label2_P,label3,label3_P,label1_correct,label2_correct,label3_correct,image_path,filename,id,pred_from_3
3718,misc_int,empty,0.5790386199951172,entrance,0.2250783443450928,misc_int,0.16520215570926666,False,False,True,./data/test_data/misc_int/078ca7245680b20db5c3edde486833c6b717ef2a.jpg,078ca7245680b20db5c3edde486833c6b717ef2a.jpg,078ca7245680b20db5c3edde486833c6b717ef2a,misc_int
2974,livingroom,diningroom,0.3820872604846953,livingroom,0.36287012696266174,study,0.13659057021141052,False,True,False,./data/test_data/livingroom/04bdcd9cbc0f02073c96852cca9c944d9060a549.jpg,04bdcd9cbc0f02073c96852cca9c944d9060a549.jpg,04bdcd9cbc0f02073c96852cca9c944d9060a549,livingroom
1541,diningroom,kitchen,0.5120961666107178,diningroom,0.411292165517807,livingroom,0.04949504137039185,False,True,False,./data/test_data/diningroom/05b49f4711cbe96a3482a62ecb59bad4cee4d024.jpg,05b49f4711cbe96a3482a62ecb59bad4cee4d024.jpg,05b49f4711cbe96a3482a62ecb59bad4cee4d024,diningroom
1710,diningroom,kitchen,0.4483683705329895,diningroom,0.1836685687303543,misc_int,0.11160366982221603,False,True,False,./data/test_data/diningroom/093d4b35e7746a107d634044167e43072d3314d7.jpg,093d4b35e7746a107d634044167e43072d3314d7.jpg,093d4b35e7746a107d634044167e43072d3314d7,diningroom
3750,misc_int,study,0.5620978474617004,misc_int,0.1898126602172852,livingroom,0.128774493932724,False,True,False,./data/test_data/misc_int/087173b0715012d29d8aaf71d73ddca2075547db.jpg,087173b0715012d29d8aaf71d73ddca2075547db.jpg,087173b0715012d29d8aaf71d73ddca2075547db,misc_int
1338,bedroom,livingroom,0.2952108979225159,study,0.2574685513973236,bedroom,0.2556226849555969,False,False,True,./data/test_data/bedroom/20206c6afb041d907ff60c0d404569676b508409.jpg,20206c6afb041d907ff60c0d404569676b508409.jpg,20206c6afb041d907ff60c0d404569676b508409,bedroom
3438,livingroom,diningroom,0.5600283145904541,livingroom,0.2341918349266052,study,0.09690886735916138,False,True,False,./data/test_data/livingroom/08c481f9877df7ec491d0305155d461cb08c4d44.jpg,08c481f9877df7ec491d0305155d461cb08c4d44.jpg,08c481f9877df7ec491d0305155d461cb08c4d44,livingroom
2651,kitchen,diningroom,0.39918699860572815,kitchen,0.1471601277589798,entrance,0.14679427444934845,False,True,False,./data/test_data/kitchen/0801f9314e8b99cafb02ec04f13615fd3b195112.jpg,0801f9314e8b99cafb02ec04f13615fd3b195112.jpg,0801f9314e8b99cafb02ec04f13615fd3b195112,kitchen
