,room,label1,label1_P,label2,label2_P,label3,label3_P,label1_correct,label2_correct,label3_correct,image_path,filename,id,pred_from_3
1355,bedroom,bedroom,0.99338561296463,livingroom,0.006593694444745779,misc_int,1.097018048312748e-05,True,False,False,./data/test_data/bedroom/218774b55bd5bc2d84b0057d9d08dcd73c5e17a9.jpg,218774b55bd5bc2d84b0057d9d08dcd73c5e17a9.jpg,218774b55bd5bc2d84b0057d9d08dcd73c5e17a9,bedroom
14,bathroom,bathroom,0.9947620034217834,kitchen,0.003759247483685613,diningroom,0.0005641482421196997,True,False,False,./data/test_data/bathroom/0248dca56b762f4383c1e5eebbc592e317475209.jpg,0248dca56b762f4383c1e5eebbc592e317475209.jpg,0248dca56b762f4383c1e5eebbc592e317475209,bathroom
1743,diningroom,diningroom,0.948841392993927,kitchen,0.024288350716233253,livingroom,0.016170941293239594,True,False,False,./data/test_data/diningroom/2856f76d6afb8dc7ef4b1e4b31ebb37dc58e9759.jpg,2856f76d6afb8dc7ef4b1e4b31ebb37dc58e9759.jpg,2856f76d6afb8dc7ef4b1e4b31ebb37dc58e9759,diningroom
2710,kitchen,kitchen,0.9999622106552124,livingroom,1.5509229342569594e-05,misc_int,1.0578271030681208e-05,True,False,False,./data/test_data/kitchen/085b8974b7316f93688ed79d4f49a57009b648c5.jpg,085b8974b7316f93688ed79d4f49a57009b648c5.jpg,085b8974b7316f93688ed79d4f49a57009b648c5,kitchen
233,bathroom,bathroom,0.6876766085624695,study,0.07921796292066574,kitchen,0.07240420579910277,True,False,False,./data/test_data/bathroom/06edd6cda6f086c5c20a52af0d92151d5898d758.jpg,06edd6cda6f086c5c20a52af0d92151d5898d758.jpg,06edd6cda6f086c5c20a52af0d92151d5898d758,bathroom
3114,livingroom,livingroom,0.8215526342391968,diningroom,0.17293833196163175,study,0.003986462019383907,True,False,False,./data/test_data/livingroom/06359d4f961b9d2331273848b674f0d0ee3e8250.jpg,06359d4f961b9d2331273848b674f0d0ee3e8250.jpg,06359d4f961b9d2331273848b674f0d0ee3e8250,livingroom
1719,diningroom,diningroom,0.8274052143096924,study,0.057451382279396064,livingroom,0.050257377326488495,True,False,False,./data/test_data/diningroom/10e4d5bfa1c5e53e0f4cf36acaa89684c1c04919.jpg,10e4d5bfa1c5e53e0f4cf36acaa89684c1c04919.jpg,10e4d5bfa1c5e53e0f4cf36acaa89684c1c04919,diningroom
1310,bedroom,bedroom,0.9946875572204591,empty,0.002370581729337573,livingroom,0.00185827212408185,True,False,False,./data/test_data/bedroom/093ff56669a232ffbd0d7e2555b77d6bff07613f.jpg,093ff56669a232ffbd0d7e2555b77d6bff07613f.jpg,093ff56669a232ffbd0d7e2555b77d6bff07613f,bedroom
