,room,label1,label1_P,label2,label2_P,label3,label3_P,label1_correct,label2_correct,label3_correct,image_path,filename,id,pred_from_3
1916,empty,empty,0.9736263751983644,misc_int,0.008457116782665253,bedroom,0.0060298279859125605,True,False,False,./data/test_data/empty/06e4a90770211655cefb858da5a663a12925fa8d.jpg,06e4a90770211655cefb858da5a663a12925fa8d.jpg,06e4a90770211655cefb858da5a663a12925fa8d,empty
2015,empty,empty,0.96609628200531,kitchen,0.020551523193717003,misc_int,0.00544588128104806,True,False,False,./data/test_data/empty/08bbf7de3880d3719c4372d0c423498e8b431963.jpg,08bbf7de3880d3719c4372d0c423498e8b431963.jpg,08bbf7de3880d3719c4372d0c423498e8b431963,empty
961,bedroom,bedroom,0.9961571097373962,empty,0.001983858877792955,kitchen,0.0007240560953505338,True,False,False,./data/test_data/bedroom/06f58c19649a16b2a5840141ab95ffe45af15962.jpg,06f58c19649a16b2a5840141ab95ffe45af15962.jpg,06f58c19649a16b2a5840141ab95ffe45af15962,bedroom
799,bedroom,bedroom,0.9999451637268066,livingroom,5.081271592644043e-05,kitchen,2.3244251678988803e-06,True,False,False,./data/test_data/bedroom/05f168cdc75527c1eef37e132524ef7b84dee68e.jpg,05f168cdc75527c1eef37e132524ef7b84dee68e.jpg,05f168cdc75527c1eef37e132524ef7b84dee68e,bedroom
1855,empty,empty,0.9942299127578736,entrance,0.0031371680088341236,misc_int,0.0021710519213229413,True,False,False,./data/test_data/empty/06081408aeb30dffdc0e719f448c0168e999d111.jpg,06081408aeb30dffdc0e719f448c0168e999d111.jpg,06081408aeb30dffdc0e719f448c0168e999d111,empty
3363,livingroom,livingroom,0.996058225631714,bedroom,0.003892728593200445,study,2.136531657015439e-05,True,False,False,./data/test_data/livingroom/084dc4be8c89908bc2a03dfbbf86a165ff20f9be.jpg,084dc4be8c89908bc2a03dfbbf86a165ff20f9be.jpg,084dc4be8c89908bc2a03dfbbf86a165ff20f9be,livingroom
3256,livingroom,livingroom,0.9477620720863342,bedroom,0.0309009812772274,diningroom,0.00965688843280077,True,False,False,./data/test_data/livingroom/077e9d54c2eee0600ed362ca067c600601171f13.jpg,077e9d54c2eee0600ed362ca067c600601171f13.jpg,077e9d54c2eee0600ed362ca067c600601171f13,livingroom
633,bedroom,bedroom,0.9348551034927368,livingroom,0.06372150778770448,misc_int,0.0005834742332808673,True,False,False,./data/test_data/bedroom/02e3bf454a6ed7772d6d208fbf6fb687f605c339.jpg,02e3bf454a6ed7772d6d208fbf6fb687f605c339.jpg,02e3bf454a6ed7772d6d208fbf6fb687f605c339,bedroom
